编号,评论时间,用户ID,昵称,评论楼层,评论内容
1,Tue Jun 17 06:25:31 +0800 2025,1764182395,Barrichello_Hu,6,无事献殷勤，必有怪
2,Tue Jun 17 07:13:17 +0800 2025,1933706692,宝贝儿菁,104,无孔不入，防不胜防！加强警惕！
3,Tue Jun 17 06:45:01 +0800 2025,3378332900,花花西瓜桃子草莓,52,杨教授太棒了
4,Tue Jun 17 07:59:44 +0800 2025,1681357594,景姐爱韩庚,151,这位杨教授警惕性好高赞
5,Tue Jun 17 06:43:12 +0800 2025,2296922572,出岫凝云_z,47,维护国家安全，人人有责，警惕之心需常有加油
6,Tue Jun 17 06:35:37 +0800 2025,3276722231,陈-医-生,30,警惕
7,Tue Jun 17 06:53:42 +0800 2025,7307470476,猫咪在偷哭_,72,提高警惕
8,Tue Jun 17 06:26:48 +0800 2025,1425285581,冥王星1974,10,我也试图在公司推行双网制度，但失败了，内网除了监控安防食堂小店，没人用
9,Tue Jun 17 08:47:39 +0800 2025,7323854637,吃青菜的虫虫笑笑,328,敌人亡我之心不死
10,Tue Jun 17 07:27:11 +0800 2025,7398070328,清风雨痕_,114,提高警惕啊
11,Tue Jun 17 06:30:53 +0800 2025,7541946246,乐乐-live,20,提高警惕！
12,Tue Jun 17 07:53:53 +0800 2025,7731508430,零零要早点睡哟,143,天呐提高警惕作揖
13,Tue Jun 17 07:01:40 +0800 2025,5316770306,软软的轻风,88,杨教授做得好赞赞维护国家安全人人有责！
14,Tue Jun 17 09:17:12 +0800 2025,1662558237,云南发布,423,间谍冒充大学生窃密转发！警惕！间谍用套取我国敏感数据
15,Tue Jun 17 07:07:39 +0800 2025,6482135088,aWhale小鲸,98,邮箱服务提供商有责任过滤带病毒、带木马程序的问题邮件
16,Tue Jun 17 08:03:48 +0800 2025,6162926109,韧慊薏_7,158,提高警惕，保卫好祖国心
17,Tue Jun 17 06:45:22 +0800 2025,7373132374,告白灼日,54,警惕呀
18,Tue Jun 17 08:03:50 +0800 2025,6456038263,时光稀释xz,159,提高警惕
19,Tue Jun 17 06:48:06 +0800 2025,3197478282,天天开心壹贰壹叁,62,间谍汉奸抓住第一时间枪毙
20,Tue Jun 17 08:29:27 +0800 2025,2948964243,自由自在的伟,253,提高警惕
21,Tue Jun 17 10:36:27 +0800 2025,7884990719,安娜乖乖娜,600,真的是无孔不入呀大家一定要警惕警惕！
22,Tue Jun 17 10:35:19 +0800 2025,7612355097,一地飘零97908,596,这真是无孔不入啊
23,Tue Jun 17 10:08:49 +0800 2025,7654233346,Destiny_11un,556,要时刻保持提高警惕！
24,Tue Jun 17 09:47:35 +0800 2025,1902298885,北京高生,501,提高警惕
25,Tue Jun 17 09:39:25 +0800 2025,7685246121,嫿禕_,475,提高警惕，维护国家安全，人人有责！
26,Tue Jun 17 09:12:26 +0800 2025,7486791370,孤城岸边51959,411,警惕
27,Tue Jun 17 08:54:37 +0800 2025,6084285492,傅家苡橙,345,真是防不胜防，提高警惕！
28,Tue Jun 17 07:24:59 +0800 2025,7879486433,梦海寻影,111,时刻提高警惕
29,Tue Jun 17 07:23:59 +0800 2025,5883405944,浮云孤舟意阑珊,110,无孔不入的窃密者！！
30,Tue Jun 17 07:18:50 +0800 2025,5739160549,孤身骑车人046400,107,看看伊朗的惨败，我国必须消灭所有汉奸才行啊！攘外必先安内！
31,Tue Jun 17 06:45:09 +0800 2025,7373132374,告白灼日,53,严格审核
32,Tue Jun 17 06:30:09 +0800 2025,5634013749,zfw平安浦城,18,转发！警惕！间谍用套取我国敏感数据
33,Tue Jun 17 06:29:54 +0800 2025,6052397037,天马行空khgjh,17,警惕
34,Tue Jun 17 06:24:54 +0800 2025,2756810301,Lucas-果果,3,提高警惕！
35,Tue Jun 17 07:01:22 +0800 2025,2743832653,月亮没有错2023,86,无孔不入，防不胜防，加强警惕！！！
36,Tue Jun 17 06:41:45 +0800 2025,1577668562,乄醉青丝,43,窃密形式层出不穷允悲
37,Tue Jun 17 08:42:47 +0800 2025,7096011968,_imllll,309,这个杨教授太聪明了赞
38,Tue Jun 17 08:59:17 +0800 2025,5715280715,持续花式摸鱼,361,杨教授牛逼！
39,Tue Jun 17 08:10:11 +0800 2025,1803747925,Miss落落小飞侠,178,知网。。。太危险了
40,Tue Jun 17 08:08:04 +0800 2025,7617035923,成熟斑马爱运动,168,提高警惕
41,Tue Jun 17 06:39:35 +0800 2025,5538911766,一道佛光照我家,39,铜墙铁壁固若金汤，狠狠打击各类犯罪分子
42,Tue Jun 17 06:37:01 +0800 2025,6449799727,风笛铃响,32,好可怕
43,Tue Jun 17 06:36:55 +0800 2025,2714384133,Italy帅帅,31,小心驶得万年船
44,Tue Jun 17 06:28:11 +0800 2025,6097196432,御姐Alice988,13,提高警惕！打击间谍！护我中华！
45,Tue Jun 17 08:26:41 +0800 2025,7554437654,崩溃的巧克力猫,242,
46,Tue Jun 17 08:12:47 +0800 2025,1822782443,野地里的驴子shm,186,战场无处不在！
47,Tue Jun 17 16:57:42 +0800 2025,7791261277,橘子水加块冰,686,间谍冒充大学生窃密提高警惕
48,Tue Jun 17 12:05:10 +0800 2025,6602135542,灯池叙酒欢,653,警惕
49,Tue Jun 17 11:26:12 +0800 2025,5791983054,Uhey_eeeeeee17,638,警惕！
50,Tue Jun 17 11:16:47 +0800 2025,1886253412,骑个龙撞南墙,630,害虫无孔不入
51,Tue Jun 17 11:15:23 +0800 2025,5648488259,时间流浪者-2025,628,大学生实惨苦涩苦涩苦涩
52,Tue Jun 17 11:11:37 +0800 2025,7457681393,人间dlrb美善,624,提高警惕
53,Tue Jun 17 11:03:34 +0800 2025,6582307098,千里眼视频,620,不去乱点各种来历不明的链接，要高度警惕自觉。
54,Tue Jun 17 10:31:30 +0800 2025,7514794509,Clytie-Narcissus,592,中国有那么多的日本学校尤其是上海居多是不是渗透在了中国的任何地方
55,Tue Jun 17 10:29:47 +0800 2025,1066197297,心理学刘爱民,590,间谍用套取我国敏感数据保持警惕！
56,Tue Jun 17 10:28:51 +0800 2025,5832581515,青青在微博,589,千万不能随意打开，很多网络病毒也都是这样传来。
57,Tue Jun 17 10:24:46 +0800 2025,7838861673,野生小顽童,584,间谍冒充大学生窃密间谍用套取我国敏感数据
58,Tue Jun 17 10:24:23 +0800 2025,7625854015,萌菜芽芽_Kun,582,提高警惕
59,Tue Jun 17 10:23:53 +0800 2025,1868172077,小狼狗的滚滚,581,看伊朗如今的下场就知道情报战是多重要，吾辈警惕
60,Tue Jun 17 10:06:02 +0800 2025,6106730868,财乖乖,550,幸好老教授反应迅速！！
61,Tue Jun 17 10:04:47 +0800 2025,6899585690,张庭TST庭秘密活酵母-敏儿,546,防人之心不可无，无事献殷勤非奸即盗
62,Tue Jun 17 09:58:23 +0800 2025,5599310151,佳多淇,536,层出不穷的骗术，防不胜防啊
63,Tue Jun 17 09:56:26 +0800 2025,7875828364,星星落在口袋哩,530,警惕
64,Tue Jun 17 09:53:07 +0800 2025,1980486671,在猎户座臂弯里,518,马克并转发一下
65,Tue Jun 17 09:47:28 +0800 2025,6601734597,茵四街角,499,警惕
66,Tue Jun 17 09:46:27 +0800 2025,7908368486,Q兔子不理熊Q,498,向善是一种文明，也是一种光明。善良之举，需要人人拥有；善良之歌，需要人人唱和。让我们一起轻掬季风，淡挽流云，抚一弦清音，让幸福在平凡、平淡中盛开如兰，让善良之歌在红尘的原野里辗转悠长。让我们一起心存善良和大爱，微笑着，走过季节的轮回。
67,Tue Jun 17 09:44:52 +0800 2025,1919769503,江油公安,494,转发！警惕！间谍用套取我国敏感数据
68,Tue Jun 17 09:41:42 +0800 2025,7777218274,电影会员之,486,间谍冒充大学生窃密提防警惕！转发
69,Tue Jun 17 09:39:39 +0800 2025,1803334901,逐新_光的胖哒儿,476,间谍用套取我国敏感数据太可怕了间谍冒充大学生窃密间谍无处不在。我们要保持警惕
70,Tue Jun 17 09:20:33 +0800 2025,2972605707,红象鼻,435,可恶！严惩不贷！咖啡咖啡咖啡间谍用套取我国敏感数据间谍冒充大学生窃密
71,Tue Jun 17 09:12:40 +0800 2025,1316654051,葱宝不唱歌,412,间谍手段日益更新，我们要加强警惕啊
72,Tue Jun 17 09:12:21 +0800 2025,1407571191,杨扉-从前有辆车,410,虽然我等草民对狗特务没有什么利用价值，但是我们可以擦亮眼睛，提高警惕，注意身边的这等反常事情。
73,Tue Jun 17 09:09:29 +0800 2025,6007330541,六月非晚zz,396,教授警惕性好高，给杨教授点赞！
74,Tue Jun 17 09:07:26 +0800 2025,7949422977,飞线定中宫,389,间谍用套取我国敏感数据没想到用也能套取我国敏感数据，间谍的各种手段防不胜防，要提高警惕。
75,Tue Jun 17 09:05:37 +0800 2025,5861700007,水之月_,384,提高警惕！
76,Tue Jun 17 09:03:56 +0800 2025,2316015512,安之若素-暉,378,对间谍来一个杀一个怒怒怒
77,Tue Jun 17 09:03:25 +0800 2025,1463720780,小圆脸说你脸太方不好看,374,太可恶了，电脑不保险
78,Tue Jun 17 08:59:51 +0800 2025,2304298644,猫屋奈奈,366,小心外国间谍的窃取和渗透，看看现在国际各地的战争，吸取经验教训。
79,Tue Jun 17 08:58:39 +0800 2025,7736530432,小丑滚泥巴,358,不愧是知名教授，有敏感度，要是换了别人恐怕早就打开了
80,Tue Jun 17 08:58:37 +0800 2025,1508736507,琴音姑娘,357,敌特无处不在
81,Tue Jun 17 08:56:25 +0800 2025,7953001744,雪凝fallen,352,大家工作时注意保护隐私啊允悲
82,Tue Jun 17 08:55:30 +0800 2025,1356816851,大铁狮,350,间谍用套取我国敏感数据
83,Tue Jun 17 08:53:39 +0800 2025,1733559322,财熊猫HW,342,间谍冒充大学生窃密间谍用套取我国敏感数据千粉杰青财宝宝
84,Tue Jun 17 08:53:35 +0800 2025,6450767331,用户6450767331,341,间谍冒充大学生窃密间谍用套取我国敏感数据转发！警惕！加油加油加油央视新闻
85,Tue Jun 17 08:52:57 +0800 2025,6865526227,李爷无为,339,境外势力防不胜防啊！
86,Tue Jun 17 08:51:44 +0800 2025,3463102930,未完待续ya_,338,提高警惕
87,Tue Jun 17 08:49:05 +0800 2025,1346500060,ai米淇-小窝mi,330,间谍无孔不入啊
88,Tue Jun 17 08:40:37 +0800 2025,6447866584,AAA汽修贴膜内饰批发,299,警惕
89,Tue Jun 17 08:38:24 +0800 2025,3828405293,小茶壶小狐狸,293,间谍冒充大学生窃密间谍用套取我国敏感数据爱我中华！
90,Tue Jun 17 08:35:31 +0800 2025,5201000633,平安泸县,287,转发！警惕！间谍用套取我国敏感数据
91,Tue Jun 17 08:35:17 +0800 2025,7858958109,炜听星-想见面D,285,必须提高警惕！！！！
92,Tue Jun 17 08:33:03 +0800 2025,1897067770,周哦吼,274,提高警惕
93,Tue Jun 17 08:32:41 +0800 2025,1852500253,绯村落,272,说到我第一时间想到的是木马
94,Tue Jun 17 08:31:27 +0800 2025,6603803502,小猫咪有点皮,266,间谍用套取我国敏感数据这间谍的套路越来越多了。外网电脑和内网电脑还是要分开用的，严格遵守保密制度，既是配合工作，也是保护自己。
95,Tue Jun 17 08:30:34 +0800 2025,1864898592,Cantusuly,260,警惕
96,Tue Jun 17 08:29:57 +0800 2025,7505051745,wayward_123,254,提高保密意识
97,Tue Jun 17 08:26:15 +0800 2025,5874288626,晓-晓不小8,238,提高警惕，维护祖国数据安全鲜花
98,Tue Jun 17 08:25:57 +0800 2025,5688622298,过期小米饼,237,好牛啊
99,Tue Jun 17 08:25:47 +0800 2025,1579272310,衍帝,236,看到这个报道，我想到的是杨振宁教授
100,Tue Jun 17 08:23:11 +0800 2025,2934531194,紫玉蓝王,226,杨教授赞赞警惕警惕警惕拳头拳头
101,Tue Jun 17 08:20:49 +0800 2025,7567163300,崔光锋微博,216,早安
102,Tue Jun 17 08:18:52 +0800 2025,1898116811,笑笑哈哈漫漫悠长,210,帝国主义忘我之心不死思考
103,Tue Jun 17 08:16:35 +0800 2025,1896820725,天津股侠,199,间谍冒充大学生窃密提防警惕！转发
104,Tue Jun 17 08:14:10 +0800 2025,6191847840,Aling_DW,194,间谍冒充大学生窃密转发！警惕！间谍用套取我国敏感数据“尊敬的杨教授，您好！我是小王，是一名在读硕士研究生，很想申请报考成为您的学生，在您指导下进行学术研究，可以通过邮件与您沟通下吗”某日，杨教授在工作邮箱中看到一封标题为“研究申请”的邮件，作为国内某知名大学前沿科技全文
105,Tue Jun 17 08:13:43 +0800 2025,2370338902,财书店,191,间谍冒充大学生窃密间谍用套取我国敏感数据原来以为只发生在影视视中，没想现实里，间谍无处不在，无孔不入啊。
106,Tue Jun 17 08:10:38 +0800 2025,7923229672,翊口年糕粥,181,警惕
107,Tue Jun 17 08:10:14 +0800 2025,7304378930,帘卷燕飞CY,179,提高警惕
108,Tue Jun 17 08:04:08 +0800 2025,6609064029,4029舒心,161,提高警惕
109,Tue Jun 17 08:03:31 +0800 2025,5697973868,等待老板翻牌的jian,157,提高警惕
110,Tue Jun 17 07:56:01 +0800 2025,7489669654,爱1山的213,146,加强
111,Tue Jun 17 07:54:19 +0800 2025,1369857541,嘉嘉的私人小花园,144,防不胜防啊
112,Tue Jun 17 07:52:06 +0800 2025,2844644700,若是微微笑,141,警惕
113,Tue Jun 17 07:51:44 +0800 2025,5173437076,PALESTINE胡许艺佳WORLD,140,警察？
114,Tue Jun 17 07:50:43 +0800 2025,6274987711,感恩遇见你天使godfrey,137,提高警惕！
115,Tue Jun 17 07:47:27 +0800 2025,5138304917,心上的美味嘉肴,130,杨教授的警惕性很高
116,Tue Jun 17 07:46:02 +0800 2025,7726191801,紫忆Allen,129,提高警惕
117,Tue Jun 17 07:31:23 +0800 2025,5900664797,与沉拾忆,122,我的天！警惕
118,Tue Jun 17 07:27:10 +0800 2025,7626469467,keumzena,113,提高警惕！
119,Tue Jun 17 07:26:28 +0800 2025,7326250415,二楼等lookJeff,112,警惕
120,Tue Jun 17 07:13:06 +0800 2025,7555673448,用户鸟伴青鸾飞,103,提高警惕！维护国家安全，人人有责！
121,Tue Jun 17 07:10:35 +0800 2025,6582970448,沙了泥萌呀,101,提高警惕
122,Tue Jun 17 07:08:56 +0800 2025,1681730842,白眉大侠5995,99,维护国家安全，人人有责，警惕之心需常有加油加油加油加油
123,Tue Jun 17 07:06:40 +0800 2025,1691680504,一路八一路发,96,警惕！
124,Tue Jun 17 07:02:58 +0800 2025,7756593623,一天萌晕八百回,92,警惕警惕！
125,Tue Jun 17 07:02:38 +0800 2025,1429979720,风之婈,91,警惕
126,Tue Jun 17 07:01:57 +0800 2025,5713616646,LUOXIANGDE168168,89,警惕
127,Tue Jun 17 07:00:04 +0800 2025,5173437076,PALESTINE胡许艺佳WORLD,85,谨防各种特工间谍
128,Tue Jun 17 06:55:52 +0800 2025,7758255215,青涩漫雾,77,提高警惕
129,Tue Jun 17 06:55:47 +0800 2025,3233825624,爱吃香蕉的狮砸,76,警惕！
130,Tue Jun 17 06:54:21 +0800 2025,7808582598,ID浪漫玫瑰禁区,73,要注意提高警惕
131,Tue Jun 17 06:51:01 +0800 2025,5356911238,飒露紫233,67,我刚刚想的就是：问题应该就是在你要打开邮件那里，果然
132,Tue Jun 17 06:50:35 +0800 2025,6639732296,夏遇梦境,66,警惕
133,Tue Jun 17 06:45:59 +0800 2025,7392924796,凑合相遇,57,警惕
134,Tue Jun 17 06:43:16 +0800 2025,1735694275,小花小草资讯博,48,警惕
135,Tue Jun 17 06:42:54 +0800 2025,5392464362,o柳妄o,46,提高警惕
136,Tue Jun 17 06:42:35 +0800 2025,2098833222,山角之恋,45,提高警惕
137,Tue Jun 17 06:41:09 +0800 2025,7741737061,颜汐不想学化学,42,警惕
138,Tue Jun 17 06:38:30 +0800 2025,5620282617,嘉轩Xy,35,警惕
139,Tue Jun 17 06:31:33 +0800 2025,6473575887,晕耶小猫,24,提高警惕
140,Tue Jun 17 06:31:28 +0800 2025,6527442671,茶物语Su_,23,提高警惕
141,Tue Jun 17 06:28:26 +0800 2025,1642896764,雨痕划过脸颊_,15,提高警惕
142,Tue Jun 17 06:25:13 +0800 2025,7726719136,爱霖人-,5,污
143,Tue Jun 17 06:25:10 +0800 2025,5951888263,逃离陌上的软耳甜兔,4,警惕！间谍用套取我国敏感数据。国家安全人人有责拳头
144,Tue Jun 17 08:01:00 +0800 2025,7560202291,嫑葱嫑香菜,153,提高警惕！
145,Tue Jun 17 17:07:47 +0800 2025,7921507885,ai发光,688,常怀警惕之心
146,Tue Jun 17 15:47:43 +0800 2025,5264685170,一心一毅耶,684,提高警惕
147,Tue Jun 17 15:07:19 +0800 2025,5203691145,GRiGDhft36D82,683,。
148,Tue Jun 17 14:40:11 +0800 2025,6178228074,用户6178228074,682,抱抱抱抱
149,Tue Jun 17 14:38:06 +0800 2025,5846372880,alanxiao,681,要两部电脑，一部工作电脑不可连网，另外一部电脑收收邮件。
150,Tue Jun 17 14:05:11 +0800 2025,3784399354,三月的美食美味,678,允悲
151,Tue Jun 17 13:51:10 +0800 2025,7739764890,用户7739764890,676,网络间谍，需格外小心！
152,Tue Jun 17 13:41:59 +0800 2025,5607196466,子沐瑾,673,警惕
153,Tue Jun 17 13:40:51 +0800 2025,3909980747,圈圈儿到底,672,得给这位杨教授加鸡腿
154,Tue Jun 17 13:27:57 +0800 2025,2610588647,夏天的云W,670,这两年间谍好多啊，中国的强大让国外有了觊觎之心。
155,Tue Jun 17 13:09:07 +0800 2025,7419792578,莫真星1949,668,幸亏有防备啊
156,Tue Jun 17 12:31:55 +0800 2025,7583391398,都好看都喜欢la,663,间谍冒充大学生窃密间谍用套取我国敏感数据
157,Tue Jun 17 12:31:06 +0800 2025,3864635001,霏霏妈咪1,661,一定要严防！
158,Tue Jun 17 12:20:37 +0800 2025,7876402579,四度痴岁-大同何,659,间谍冒充大学生窃密间谍用套取我国敏感数据
159,Tue Jun 17 12:20:06 +0800 2025,5955629037,花清清晨,658,注意外来人员，不贪就事半功倍。
160,Tue Jun 17 12:12:03 +0800 2025,1806687725,陈静cici,656,维护国家安全
161,Tue Jun 17 12:03:17 +0800 2025,2086969647,欧洲大神助我脱非,652,好家伙哆啦梦害怕哆啦梦害怕哆啦梦害怕
162,Tue Jun 17 12:01:04 +0800 2025,1409798195,敢讲实话的老百姓,649,邮件来的基本都是外国人
163,Tue Jun 17 11:59:38 +0800 2025,2297540651,s小小酥ray,648,中国流行发邮件交流学术么？
164,Tue Jun 17 11:43:05 +0800 2025,7744993469,夕阳西下那是,645,发现的冰山一角思考美国将砸亿美元全球抹黑中国美国拨款亿美元雇水军黑中国美方长期对中国手机用户无差别监听
165,Tue Jun 17 11:30:03 +0800 2025,5879718046,半亩书塘,640,这种外校的还能提高警惕一点，如果是学校内的发给教授呢？笑
166,Tue Jun 17 11:26:17 +0800 2025,1497847337,时刻_一-,639,保护祖国机密，提高警惕，勿忘历史，谨防糖衣炮弹！
167,Tue Jun 17 11:25:16 +0800 2025,7805849754,倾心恋星星,637,提高警惕
168,Tue Jun 17 11:23:57 +0800 2025,7952237606,少林寺驻武当派办事处主任王神父,636,间谍真是无孔不入
169,Tue Jun 17 11:22:15 +0800 2025,7415006133,苡淇念栀,635,警惕
170,Tue Jun 17 11:21:36 +0800 2025,2264848982,何忠琴,634,间谍无孔不入
171,Tue Jun 17 11:21:03 +0800 2025,6616005125,羞答答的刺儿头,633,那防不胜防啊，发邮件都会带着附件简历啊
172,Tue Jun 17 11:20:49 +0800 2025,6198568501,用自己的jio走自己的路,632,教授好样的间谍行为不是只存在电视剧而是真真实实随时有可能发生在身边
173,Tue Jun 17 11:18:26 +0800 2025,7908199062,AKATSUKIKIRARA,631,间谍真是无孔不入啊黑线
174,Tue Jun 17 11:12:45 +0800 2025,7959823642,豌豆与胖奇,627,无事献殷勤，非奸即盗！
175,Tue Jun 17 11:12:23 +0800 2025,7146738670,不知不觉丶_,626,警惕
176,Tue Jun 17 11:09:54 +0800 2025,5327695027,买土豆也用券呀,623,你的不警惕，可能导致家破人亡
177,Tue Jun 17 11:09:31 +0800 2025,7351027412,叶赫那拉海东青,622,维护祖国国家安全，人人有责。
178,Tue Jun 17 11:05:23 +0800 2025,6073275052,水恋生鱼片,621,杨教授威武打
179,Tue Jun 17 10:59:04 +0800 2025,1067863011,沧海一担米,617,防不胜防允悲
180,Tue Jun 17 10:57:42 +0800 2025,7483531733,辰星烟火,616,警惕
181,Tue Jun 17 10:51:18 +0800 2025,6983328633,梦幻小鹿在娱乐,613,为杨教授点赞赞赞赞
182,Tue Jun 17 10:50:43 +0800 2025,3177100924,小微子2013,612,一定要多注意防范
183,Tue Jun 17 10:50:35 +0800 2025,7402300867,消失的一秒,611,涉密电脑不联网
184,Tue Jun 17 10:50:12 +0800 2025,5575012368,疯-2333,610,这间谍是不是脑子有问题二哈你做戏做全套啊，弄个学生的简历发过去呗
185,Tue Jun 17 10:49:45 +0800 2025,7953424498,鲜橙年年有余,609,提高警惕
186,Tue Jun 17 10:44:23 +0800 2025,1609317274,拓海君,603,为什么要找一个美颜过的男警察，来做这种严肃的宣导？
187,Tue Jun 17 10:39:25 +0800 2025,1857662862,陌上婲开为战顾,601,无事献殷勤非奸即盗怒
188,Tue Jun 17 10:35:54 +0800 2025,7087692762,平常心啊平常心啊平常心,598,汉奸
189,Tue Jun 17 10:35:05 +0800 2025,5727188719,株洲渌口公安,595,间谍冒充大学生窃密转发！警惕！间谍用套取我国敏感数据
190,Tue Jun 17 10:33:15 +0800 2025,6074147837,是非a分明,593,看来全民抓间谍是必须的。伊朗就是最好的列证！
191,Tue Jun 17 10:25:39 +0800 2025,1899323087,luonemo,585,牛逼
192,Tue Jun 17 10:21:14 +0800 2025,7911009602,a祁筱祎,579,比利亚雷亚尔足球俱乐部比利亚雷亚尔足球俱乐部：
193,Tue Jun 17 10:19:28 +0800 2025,6032241488,小小的紫旋,577,杨教授鼓掌鼓掌鼓掌
194,Tue Jun 17 10:19:16 +0800 2025,5876131361,陕西政法,575,提防警惕！转发
195,Tue Jun 17 10:17:59 +0800 2025,5155616203,喜乐r411,572,转发
196,Tue Jun 17 10:17:12 +0800 2025,2665855281,一只戴眼镜的哈士奇,570,哈士奇只养戴眼镜的哈士奇只养戴眼镜的
197,Tue Jun 17 10:15:25 +0800 2025,7542913365,暴打见嗖小狗叠,568,啊？？？这种方式真是开眼了
198,Tue Jun 17 10:15:11 +0800 2025,5348152491,爱留住的味道,567,时刻保持警惕
199,Tue Jun 17 10:15:04 +0800 2025,2415608027,北方法制报,566,间谍冒充大学生窃密转发！警惕！间谍用套取我国敏感数据
200,Tue Jun 17 10:13:09 +0800 2025,6851355947,Dance_With_Dead,565,这是在呼吁大家改用啊，毕竟国外软件防不胜防
201,Tue Jun 17 10:12:37 +0800 2025,2804750980,smin3,564,古人云：害人之心不可有，防人之心不可无！国家高级人才更应牢记。外国间媟无孔不入，为了国家的安全，国人都应牢牢守护。窃密，失密者，一经发現就要严惩加油加油加油
202,Tue Jun 17 10:12:09 +0800 2025,6290048926,小鹿YV99,562,提高警惕
203,Tue Jun 17 10:08:37 +0800 2025,5931235544,玫玫-5931235544,554,希望每个中国人都有安全意识的自觉！
204,Tue Jun 17 10:07:43 +0800 2025,7775789668,专业推师sub,553,间谍用套取我国敏感数据间谍冒充大学生窃密
205,Tue Jun 17 10:05:39 +0800 2025,2569900401,用户klp6l64y3a,548,免费，且是国产软件，大家以后别用微软软件了
206,Tue Jun 17 10:03:38 +0800 2025,7363601391,用户7363601391,545,加强警惕，刻不容缓！
207,Tue Jun 17 10:02:59 +0800 2025,1622389935,月光女孩011,544,防不胜防生病
208,Tue Jun 17 10:01:25 +0800 2025,7833118287,苏大强V强富美高,543,间谍冒充大学生窃密间谍用套取我国敏感数据
209,Tue Jun 17 09:59:55 +0800 2025,1774533134,薇不足道也,540,杨教授是这个嘻嘻
210,Tue Jun 17 09:59:09 +0800 2025,5233734317,bbfbgm,538,杨教授好厉害
211,Tue Jun 17 09:58:47 +0800 2025,6035135520,尧水肃,537,干饭人
212,Tue Jun 17 09:56:50 +0800 2025,7685430883,元首西嗨,532,间谍都要叛死刑不然毫无震慑力
213,Tue Jun 17 09:55:19 +0800 2025,5673004241,脱口岳,528,间谍用套取我国敏感数据视频中警官的警号是亮点，反间防谍举报电话——。
214,Tue Jun 17 09:54:51 +0800 2025,1171480350,我把纠结吃掉了,525,真是花样百出、贼心不死
215,Tue Jun 17 09:54:24 +0800 2025,5993621167,无止境不放弃,523,赞
216,Tue Jun 17 09:51:44 +0800 2025,1987672675,神经刀飞天猫,513,那对微软的办公套件是不是应该做一个定向清理啊？
217,Tue Jun 17 09:50:11 +0800 2025,7561656802,图个好彩头,511,还能这样！！
218,Tue Jun 17 09:49:43 +0800 2025,2265853944,小七浅言,509,真是无孔不入。
219,Tue Jun 17 09:49:15 +0800 2025,2216688050,离离原上草1106,508,鲜花
220,Tue Jun 17 09:48:48 +0800 2025,6473635835,再行跬步的拾柒,504,保研套磁人轻轻地碎了，为什么老师宁愿回间谍的邮件都不回我啊泪
221,Tue Jun 17 09:48:48 +0800 2025,3996736059,Link林可文,505,是要开发国产的了吗那我就开始地址国外的了
222,Tue Jun 17 09:47:29 +0800 2025,1870241364,Brilliant2021,500,太容易了喵喵
223,Tue Jun 17 09:44:35 +0800 2025,5749174368,花开于室,493,这位杨教授真的不愧是高级知识分子，警惕性很高
224,Tue Jun 17 09:41:46 +0800 2025,2711894874,夏目的师父,487,这才是视频的正确打开方式
225,Tue Jun 17 09:41:15 +0800 2025,2147435521,MizutaniMi,482,周围教授好厉害，警惕性好高，几重保险
226,Tue Jun 17 09:41:09 +0800 2025,6449751888,殖狗的主子在萝莉岛,481,以牙还牙
227,Tue Jun 17 09:38:39 +0800 2025,1418909123,杨洋1812,471,杨教授赞赞赞
228,Tue Jun 17 09:38:23 +0800 2025,7652733292,墨梅菸,470,教授厉害
229,Tue Jun 17 09:37:51 +0800 2025,5012258015,向往星空girl,467,国家安全高于一切时刻保持高度警惕
230,Tue Jun 17 09:34:52 +0800 2025,3861726042,玖辞_i,464,加强警惕
231,Tue Jun 17 09:32:46 +0800 2025,5748345779,小妖不怪吖,459,间谍能不能衮啊。从中国衮出去。烦死了。
232,Tue Jun 17 09:31:41 +0800 2025,7409934409,君看天下7799,457,事出反常必有妖！污污污
233,Tue Jun 17 09:31:35 +0800 2025,6720699357,被踢过的风,456,人人都要提高防间谍意识
234,Tue Jun 17 09:25:08 +0800 2025,6405213645,什么昵称都不可用也是醉了,442,真的得警惕裂开
235,Tue Jun 17 09:21:16 +0800 2025,3892474042,阎良法院,437,间谍冒充大学生窃密转发！警惕！间谍用套取我国敏感数据
236,Tue Jun 17 09:21:01 +0800 2025,1744275530,所以1987,436,为杨教授点赞
237,Tue Jun 17 09:20:15 +0800 2025,2640529700,许小新要淡定从容往前走,433,这事和有鸡毛关系
238,Tue Jun 17 09:19:51 +0800 2025,2723225155,尖尖角ABC,432,在国外的博主多查查
239,Tue Jun 17 09:19:37 +0800 2025,6391153308,北巷年年,430,杨教授好棒送花花送花花
240,Tue Jun 17 09:18:38 +0800 2025,5212502279,Alwaysbeenyou89,429,间谍冒充大学生窃密警惕间谍
241,Tue Jun 17 09:18:11 +0800 2025,7931601187,小狗要快乐_,428,提高警惕
242,Tue Jun 17 09:18:02 +0800 2025,6436076883,用户6436076883,427,公布是拿国间谍
243,Tue Jun 17 09:17:12 +0800 2025,6146356489,阿巴阿巴阿斯巴甜,424,？？？救命这是啥空子都钻啊还是用吧
244,Tue Jun 17 09:13:41 +0800 2025,1395953484,子君伢,417,怎么提高警惕呢？董明珠开企业会说不用海龟，怕他们有间谍，而用国内人才被偷拍发网络时，有多少人攻击她网暴她允悲，现在国家说间谍无处不在时，又说提高警惕，张张嘴就提高了
245,Tue Jun 17 09:13:39 +0800 2025,7888590580,老狼-580,416,为杨教授点赞赞
246,Tue Jun 17 09:12:55 +0800 2025,7927431874,小狗的爱是哈哈,414,提高警惕
247,Tue Jun 17 09:12:09 +0800 2025,1817618907,柚子太太的侄女路路,408,大家警惕
248,Tue Jun 17 09:11:34 +0800 2025,5127432455,远山浅1102,405,关键部门的人要小心
249,Tue Jun 17 09:11:29 +0800 2025,7389920881,尘缘不来,404,恐怖
250,Tue Jun 17 09:11:24 +0800 2025,6550080359,id6550080359,403,如果用打开该文档还会中木马吗？思考
251,Tue Jun 17 09:10:09 +0800 2025,1923684093,晴天小玛卡,399,杨教授不错，很有防范意识，点赞
252,Tue Jun 17 09:09:37 +0800 2025,7443476490,-YIBO-SEAN,397,真是無孔不入
253,Tue Jun 17 09:08:48 +0800 2025,5651498471,怼小绿婊专业户,395,这是没泄密的，泄密的不知有多少
254,Tue Jun 17 09:08:43 +0800 2025,3792014354,千年等黎非,394,哼哼
255,Tue Jun 17 09:08:38 +0800 2025,5509409247,小狗爱哈哈,393,提高警惕
256,Tue Jun 17 09:08:27 +0800 2025,7805797567,macrocosm_---_------_,392,厉害了
257,Tue Jun 17 09:07:53 +0800 2025,6160012952,1梦之久,391,多多保护好这样的杨教授
258,Tue Jun 17 09:07:23 +0800 2025,3718831473,Y餘拾壹,388,，
259,Tue Jun 17 09:06:35 +0800 2025,7755076771,烟雨任平生ee,386,提高警惕，维护国家安全，人人有责
260,Tue Jun 17 09:06:25 +0800 2025,5399864343,特朗pu太愿意撒谎了,385,这手段有些低级允悲，黑客入侵比这高级吧
261,Tue Jun 17 09:05:33 +0800 2025,6275659691,少玩手机多看会儿书,382,哈工大？
262,Tue Jun 17 09:04:42 +0800 2025,6134330378,科技潮流站,380,抓到就枪毙
263,Tue Jun 17 09:04:05 +0800 2025,2892719151,苏杉悦泽,379,时时刻刻都要加强警惕
264,Tue Jun 17 09:02:15 +0800 2025,2723225155,尖尖角ABC,371,查查小米的粉丝群体吧受国外势力蛊惑太严重了
265,Tue Jun 17 09:01:24 +0800 2025,3978293172,郭-wei,370,防范间谍
266,Tue Jun 17 09:00:56 +0800 2025,5592158636,晨曦78688,369,给杨教授点赞赞赞
267,Tue Jun 17 08:59:54 +0800 2025,3864111451,二er了吧唧,367,杨教授这警惕性，太棒了太优秀了
268,Tue Jun 17 08:59:25 +0800 2025,7948152413,有什麼可豪橫的_重生版,362,感觉他们紧缺的是稀土提纯的技术工艺，还是要提防
269,Tue Jun 17 08:58:06 +0800 2025,1143507567,温凉玉021,355,提高保密意识
270,Tue Jun 17 08:57:07 +0800 2025,7672392327,一直努力着126,353,卧槽间谍用套取我国敏感数据
271,Tue Jun 17 08:56:00 +0800 2025,6553485088,玛珂啵萝蜜,351,提高警惕！
272,Tue Jun 17 08:54:59 +0800 2025,6439941481,毓衡K,349,这真是防不胜防
273,Tue Jun 17 08:54:44 +0800 2025,6091478644,小狮子198511,346,提高安全意识
274,Tue Jun 17 08:51:04 +0800 2025,7924835145,小菠超优秀,336,注意
275,Tue Jun 17 08:50:17 +0800 2025,1905527655,越越越魅郑,334,人人都应成为“杨教授”
276,Tue Jun 17 08:50:08 +0800 2025,7438114159,夏天有常安,333,警惕警惕
277,Tue Jun 17 08:47:37 +0800 2025,1688873247,百度电影票房吧党员,327,黑线
278,Tue Jun 17 08:47:32 +0800 2025,1750551724,猴猴猴子小姐,326,查阅邮件的是另外一台电脑证明教授保密意识很强点赞
279,Tue Jun 17 08:46:13 +0800 2025,5214323896,天使的眼泪鄂,320,转发
280,Tue Jun 17 08:44:35 +0800 2025,6520797546,香如故啊香如故,316,陈医生陈医生警惕
281,Tue Jun 17 08:44:30 +0800 2025,3930500095,刘柳流六溜留琉,315,这样用，我也觉得像诈骗
282,Tue Jun 17 08:43:24 +0800 2025,5936641595,2025一起发财,312,，不要点击来自陌生人邮件里的任何链接，也不要下载任何附件
283,Tue Jun 17 08:42:23 +0800 2025,6702755348,momo夏天版,308,都这么离谱了
284,Tue Jun 17 08:42:23 +0800 2025,5036100077,江户川卷福,307,涉密不上网，上网不涉密，还要确保不在互联网电脑上处理涉密文件
285,Tue Jun 17 08:42:21 +0800 2025,6570264882,年轻的战士1893,306,几千年的计谋韬略经验教训，认真起来其余的都是雕虫小技
286,Tue Jun 17 08:41:58 +0800 2025,2118612547,最热门小说排行榜,304,卧槽，间谍无孔不入，防不胜防啊
287,Tue Jun 17 08:41:58 +0800 2025,6520797546,香如故啊香如故,305,宝贝儿菁宝贝儿菁无孔不入，防不胜防！加强警惕！
288,Tue Jun 17 08:41:35 +0800 2025,5159799487,铃兰紫花,303,一定要严防间谍
289,Tue Jun 17 08:41:10 +0800 2025,3873346150,爱吃橙子z5,301,当间谍的是国人吗？
290,Tue Jun 17 08:40:18 +0800 2025,7170138007,樂_橙子,298,警惕
291,Tue Jun 17 08:40:03 +0800 2025,7708780659,不存在的阿阳,297,要禁用宏
292,Tue Jun 17 08:37:47 +0800 2025,6455466979,凉笙Liangsheng1,291,保守国家秘密，公民人人有责
293,Tue Jun 17 08:37:11 +0800 2025,5706802250,长安chris,290,杨教授好棒
294,Tue Jun 17 08:35:59 +0800 2025,7628702720,爆炒橘橙,289,有伊朗在前，我们的国安人员真的要更加辛苦了！国民也要更加警惕，阴谋黑暗就在身边！
295,Tue Jun 17 08:35:34 +0800 2025,1632989483,牵手009,288,防不胜防，必须为教授点赞
296,Tue Jun 17 08:35:21 +0800 2025,7384634282,yolanda_3x,286,抓住间谍处死
297,Tue Jun 17 08:34:53 +0800 2025,7165806422,Mrs_朱事顺利,283,严查！！！严惩！！
298,Tue Jun 17 08:34:41 +0800 2025,5692981139,莹莹你大胆的往前走,282,提高警惕！间谍可能就在我们身边！
299,Tue Jun 17 08:33:11 +0800 2025,2753713015,宇宙小小人,275,转发！警惕间谍冒充大学生窃密
300,Tue Jun 17 08:32:48 +0800 2025,6014526218,团子之爱,273,建议汉奸一律死刑，家人连坐！这样极大减少汉奸数量！
301,Tue Jun 17 18:38:00 +0800 2025,8003346970,俏皮小金鱼是锦鲤_jojo,691,提高警惕
302,Tue Jun 17 18:31:01 +0800 2025,3193813300,五星聚,690,话筒话筒话筒
303,Tue Jun 17 14:32:10 +0800 2025,8000178914,欣欣煲,680,
304,Tue Jun 17 14:07:40 +0800 2025,1863114434,建寧居士,679,狼子野心从来就没有断过，最好的办法就是让它们消失
305,Tue Jun 17 14:03:53 +0800 2025,7748410338,路口红绿灯左转右转左右转,677,？央视新闻还用人啊？
306,Tue Jun 17 13:45:45 +0800 2025,7917734497,菠萝菠萝咪咕,674,警惕
307,Tue Jun 17 13:32:30 +0800 2025,7892666213,傅诗淇的果果呀-17,671,提高警惕
308,Tue Jun 17 12:40:12 +0800 2025,3122710825,秋风健,666,必须始终保持警惕呀，特别是主管部门始终绷紧那根弦，防患于未然。
309,Tue Jun 17 12:38:09 +0800 2025,6399804600,Longlivemacsoap,665,微软中国微软中国出来挨打闭嘴
310,Tue Jun 17 12:35:36 +0800 2025,7900325238,草莓酱爆爆珠珠,664,警惕！
311,Tue Jun 17 12:31:12 +0800 2025,7893181564,讲江酱哇,662,维护国家安全，人人有责
312,Tue Jun 17 12:24:52 +0800 2025,7948740970,清风竹林深,660,提高警惕！！
313,Tue Jun 17 12:10:27 +0800 2025,7920686464,海阔飞越,655,间谍用套取我国敏感数据
314,Tue Jun 17 12:07:46 +0800 2025,1085583241,潮汕大菠萝鱼丸砂锅粥,654,允悲防不胜防啊！！！
315,Tue Jun 17 11:50:22 +0800 2025,7870676039,贝有芯,647,间谍冒充大学生窃密间谍用套取我国敏感数据间谍手法层出不穷，防不胜防可怜
316,Tue Jun 17 11:37:41 +0800 2025,7353355323,财到家喽,643,间谍用套取敏感数据，这操作挺“复古”，以为就是打打字，没想到还能当间谍工具，提醒大家电脑里的敏感文件可得加密，别随便外传，不然被人盯上了都不知道。间谍用套取我国敏感数据
317,Tue Jun 17 11:35:58 +0800 2025,8002728888,李记三鲜豆花,642,思考思考思考
318,Tue Jun 17 11:31:50 +0800 2025,8004379900,这个狼王有点甜,641,打打
319,Tue Jun 17 11:15:49 +0800 2025,6879093937,涩谷GAI,629,有啥机密
320,Tue Jun 17 11:01:56 +0800 2025,1408114867,高铁J,619,对于这样的案例，要多多宣讲
